<?xml version="1.0" encoding="UTF-8"?>
<project-private xmlns="http://www.netbeans.org/ns/project-private/1">
    <editor-bookmarks xmlns="http://www.netbeans.org/ns/editor-bookmarks/2" lastBookmarkId="0"/>
    <open-files xmlns="http://www.netbeans.org/ns/projectui-open-files/2">
        <group>
            <file>file:/C:/Users/ASUS%20FLOW/Documents/NetBeansProjects/zProyectoFinal/src/BD/Conexion.java</file>
            <file>file:/C:/Users/ASUS%20FLOW/Documents/NetBeansProjects/zProyectoFinal/src/logica/EstudioDAO.java</file>
            <file>file:/C:/Users/ASUS%20FLOW/Documents/NetBeansProjects/zProyectoFinal/src/modelo/EstudioRenta.java</file>
            <file>file:/C:/Users/ASUS%20FLOW/Documents/NetBeansProjects/zProyectoFinal/src/vista/EstudioVista.java</file>
            <file>file:/C:/Users/ASUS%20FLOW/Documents/NetBeansProjects/zProyectoFinal/src/modelo/CodigoProvincia.java</file>
        </group>
    </open-files>
</project-private>
